Restaurant,Menu Item,Calories,Protein,Carbohydrates,Fat
McDonald's,Hamburger,250.0,12.0,31.0,9.0
McDonald's,Cheeseburger,300.0,15.0,33.0,12.0
McDonald's,Double Cheeseburger,440.0,25.0,34.0,23.0
McDonald's,McDouble,390.0,22.0,33.0,19.0
McDonald's,Quarter Pounder with Cheese,510.0,29.0,40.0,26.0
McDonald's,Double Quarter Pounder with Cheese,740.0,48.0,40.0,42.0
McDonald's,Big Mac,540.0,25.0,45.0,29.0
McDonald's,Big N' Tasty,460.0,24.0,37.0,24.0
McDonald's,Big N' Tasty with Cheese,510.0,27.0,38.0,28.0
McDonald's,Angus Bacon & Cheese,790.0,45.0,63.0,39.0
McDonald's,Angus Deluxe,750.0,40.0,61.0,39.0
McDonald's,Angus Mushroom & Swiss,770.0,44.0,59.0,40.0
McDonald's,Filet-O-Fish,380.0,15.0,38.0,18.0
McDonald's,McChicken,360.0,14.0,40.0,16.0
McDonald's,McRib,500.0,22.0,44.0,26.0
McDonald's,Premium Grilled Chicken Classic Sandwich,360.0,27.0,41.0,9.0
McDonald's,Premium Crispy Chicken Classic Sandwich,510.0,24.0,56.0,22.0
McDonald's,Premium Grilled Chicken Club Sandwich,460.0,35.0,43.0,17.0
McDonald's,Premium Crispy Chicken Club Sandwich,620.0,31.0,57.0,29.0
McDonald's,Premium Grilled Chicken Ranch BLT Sandwich,380.0,31.0,41.0,10.0
McDonald's,Premium Crispy Chicken Ranch BLT Sandwich,540.0,27.0,56.0,23.0
McDonald's,Southern Style Crispy Chicken Sandwich,400.0,24.0,39.0,17.0
McDonald's,Ranch Snack Wrap (Crispy),340.0,14.0,33.0,17.0
McDonald's,Ranch Snack Wrap (Grilled),270.0,18.0,26.0,10.0
McDonald's,Honey Mustard Snack Wrap (Crispy),330.0,14.0,34.0,16.0
McDonald's,Honey Mustard Snack Wrap (Grilled),260.0,18.0,27.0,9.0
McDonald's,Chipotle BBQ Snack Wrap (Crispy),330.0,14.0,35.0,15.0
McDonald's,Chipotle BBQ Snack Wrap (Grilled),260.0,18.0,28.0,9.0
McDonald's,Angus Bacon & Cheese Snack Wrap,390.0,21.0,28.0,21.0
McDonald's,Angus Chipotle BBQ Bacon,800.0,45.0,66.0,39.0
McDonald's,Angus Chipotle BBQ Bacon Snack Wrap,400.0,21.0,30.0,22.0
McDonald's,Angus Deluxe Snack Wrap,410.0,20.0,27.0,25.0
McDonald's,Angus Mushroom & Swiss Snack Wrap,430.0,22.0,27.0,26.0
McDonald's,Mac Snack Wrap,330.0,15.0,26.0,19.0
McDonald's,Small French Fries,230.0,3.0,29.0,11.0
McDonald's,Medium French Fries,380.0,4.0,48.0,19.0
McDonald's,Large French Fries,500.0,6.0,63.0,25.0
McDonald's,Ketchup Packet,15.0,0.0,3.0,0.0
McDonald's,Salt Packet,0.0,0.0,0.0,0.0
McDonald's,Chicken McNuggets (4 piece),190.0,9.0,12.0,12.0
McDonald's,Chicken McNuggets (6 piece),280.0,13.0,18.0,18.0
McDonald's,Chicken McNuggets (10 piece),470.0,22.0,30.0,30.0
McDonald's,Barbeque Sauce,50.0,0.0,12.0,0.0
McDonald's,Honey,50.0,0.0,12.0,0.0
McDonald's,Hot Mustard Sauce,60.0,1.0,9.0,2.5
McDonald's,Sweet 'N Sour Sauce,50.0,0.0,12.0,0.0
McDonald's,Chicken Selects Premium Breast Strips (3 pc),400.0,23.0,23.0,24.0
McDonald's,Chicken Selects Premium Breast Strips (5 pc),660.0,38.0,39.0,40.0
McDonald's,Spicy Buffalo Sauce,60.0,0.0,1.0,6.0
McDonald's,Creamy Ranch Sauce,170.0,0.0,2.0,18.0
McDonald's,Tangy Honey Mustard Sauce,60.0,0.0,10.0,2.0
McDonald's,Southwestern Chipotle Barbeque Sauce,60.0,0.0,15.0,0.0
McDonald's,Premium Southwest Salad with Grilled Chicken,320.0,30.0,30.0,9.0
McDonald's,Premium Southwest Salad with Crispy Chicken,430.0,26.0,38.0,20.0
McDonald's,Premium Southwest Salad (without chicken),140.0,6.0,20.0,4.5
McDonald's,Premium Bacon Ranch Salad with Grilled Chicken,260.0,33.0,12.0,9.0
McDonald's,Premium Bacon Ranch Salad with Crispy Chicken,370.0,29.0,20.0,20.0
McDonald's,Premium Bacon Ranch Salad (without chicken),140.0,9.0,10.0,7.0
McDonald's,Premium Caesar Salad with Grilled Chicken,220.0,30.0,12.0,6.0
McDonald's,Premium Caesar Salad with Crispy Chicken,330.0,26.0,20.0,17.0
McDonald's,Premium Caesar Salad (without chicken),90.0,7.0,9.0,4.0
McDonald's,Side Salad,20.0,1.0,4.0,0.0
McDonald's,Butter Garlic Croutons,60.0,2.0,10.0,1.5
McDonald's,Snack Size Fruit & Walnut Salad,210.0,4.0,31.0,8.0
McDonald's,Newman's Own Creamy Southwest Dressing,100.0,1.0,11.0,6.0
McDonald's,Newman's Own Creamy Caesar Dressing,190.0,2.0,4.0,18.0
McDonald's,Newman's Own Low Fat Balsamic Vinaigrette,40.0,0.0,4.0,3.0
McDonald's,Newman's Own Low Fat Family Recipe Italian Dressing,60.0,1.0,8.0,2.5
McDonald's,Newman's Own Ranch Dressing,170.0,1.0,9.0,15.0
McDonald's,Egg McMuffin,300.0,18.0,30.0,12.0
McDonald's,Sausage McMuffin,370.0,14.0,29.0,22.0
McDonald's,Sausage McMuffin with Egg,450.0,21.0,30.0,27.0
McDonald's,English Muffin,160.0,5.0,27.0,3.0
McDonald's,"Bacon, Egg & Cheese Biscuit (Regular Size Biscuit)",420.0,15.0,37.0,23.0
McDonald's,"Bacon, Egg & Cheese Biscuit (Large Size Biscuit)",480.0,15.0,43.0,27.0
McDonald's,Sausage Biscuit with Egg (Regular Size Biscuit),510.0,18.0,36.0,33.0
McDonald's,Sausage Biscuit with Egg (Large Size Biscuit),570.0,18.0,42.0,37.0
McDonald's,Sausage Biscuit (Regular Size Biscuit),430.0,11.0,34.0,27.0
McDonald's,Sausage Biscuit (Large Size Biscuit),480.0,11.0,39.0,31.0
McDonald's,Southern Style Chicken Biscuit (Regular Size Biscuit),410.0,17.0,41.0,20.0
McDonald's,Southern Style Chicken Biscuit (Large Size Biscuit),470.0,17.0,46.0,24.0
McDonald's,"Steak, Egg & Cheese Bagel",660.0,33.0,56.0,33.0
McDonald's,"Bacon, Egg & Cheese McGriddles",420.0,15.0,48.0,18.0
McDonald's,"Sausage, Egg & Cheese McGriddles",560.0,20.0,48.0,32.0
McDonald's,Sausage McGriddles,420.0,11.0,44.0,22.0
McDonald's,Big Breakfast (Regular Size Biscuit),740.0,28.0,51.0,48.0
McDonald's,Big Breakfast (Large Size Biscuit),800.0,28.0,56.0,52.0
McDonald's,Big Breakfast with Hotcakes (Regular Size Biscuit),1090.0,36.0,111.0,56.0
McDonald's,Big Breakfast with Hotcakes (Large Size Biscuit),1150.0,36.0,116.0,60.0
McDonald's,Sausage Burrito,300.0,12.0,26.0,16.0
McDonald's,McSkillet Burrito with Sausage,610.0,27.0,44.0,36.0
McDonald's,Hotcakes,350.0,8.0,60.0,9.0
McDonald's,Hotcakes and Sausage,520.0,15.0,61.0,24.0
McDonald's,Hotcake Syrup,180.0,0.0,45.0,0.0
McDonald's,Whipped Margarine (1 pat),40.0,0.0,0.0,4.5
McDonald's,Hash Brown,150.0,1.0,15.0,9.0
McDonald's,Grape Jam,35.0,0.0,9.0,0.0
McDonald's,Strawberry Preserves,35.0,0.0,9.0,0.0
McDonald's,"Bacon, Egg & Cheese Bagel",560.0,24.0,56.0,27.0
McDonald's,Fruit & Maple Oatmeal,290.0,5.0,57.0,4.5
McDonald's,Fruit & Maple Oatmeal without Brown Sugar,260.0,5.0,48.0,4.5
McDonald's,Hamburger Happy Meal,475.0,22.0,62.0,16.0
McDonald's,4 Piece Chicken McNuggets,395.0,19.0,41.0,17.0
McDonald's,6 Piece Chicken McNuggets Happy Meal,475.0,24.0,46.0,22.0
McDonald's,Fruit 'n Yogurt Parfait (7 oz),160.0,4.0,31.0,2.0
McDonald's,Low Fat Caramel Dip,70.0,0.0,15.0,0.5
McDonald's,Vanilla Reduced Fat Ice Cream Cone,150.0,4.0,24.0,3.5
McDonald's,Kiddie Cone,45.0,1.0,8.0,1.0
McDonald's,Strawberry Sundae,280.0,6.0,49.0,6.0
McDonald's,Hot Caramel Sundae,340.0,7.0,60.0,8.0
McDonald's,Hot Fudge Sundae,330.0,8.0,54.0,10.0
McDonald's,Peanuts (for Sundaes),45.0,2.0,2.0,3.5
McDonald's,McFlurry with M&M'S Candies (12 fl oz cup),710.0,15.0,105.0,25.0
McDonald's,McFlurry with OREO Cookies (12 fl oz cup),580.0,13.0,89.0,19.0
McDonald's,Baked Hot Apple Pie,250.0,2.0,32.0,13.0
McDonald's,Cinnamon Melts,460.0,6.0,66.0,19.0
McDonald's,McDonaldland Cookies,260.0,4.0,43.0,8.0
McDonald's,Chocolate Chip Cookie,160.0,2.0,21.0,8.0
McDonald's,Oatmeal Raisin Cookie,150.0,2.0,22.0,6.0
McDonald's,Sugar Cookie,160.0,2.0,21.0,7.0
McDonald's,Apple Dippers with Low Fat Caramel Dip,100.0,0.0,23.0,0.5
McDonald's,Chocolate McCafé Shake (12 fl oz cup),580.0,11.0,94.0,17.0
McDonald's,Chocolate McCafé Shake (16 fl oz cup),720.0,15.0,119.0,20.0
McDonald's,Chocolate McCafé Shake (22 fl oz cup),880.0,18.0,147.0,24.0
McDonald's,Chocolate Triple Thick Shake (12 fl oz cup),440.0,10.0,76.0,10.0
McDonald's,Chocolate Triple Thick Shake (16 fl oz cup),580.0,13.0,102.0,14.0
McDonald's,Chocolate Triple Thick Shake (21 fl oz cup),770.0,18.0,134.0,18.0
McDonald's,Chocolate Triple Thick Shake (32 fl oz cup),1160.0,27.0,203.0,27.0
McDonald's,Snack Size McFlurry with M&M'S Candies,430.0,9.0,64.0,16.0
McDonald's,Snack Size McFlurry with OREO Cookies,340.0,8.0,53.0,12.0
McDonald's,Strawberry McCafé Shake (12 fl oz cup),570.0,11.0,92.0,17.0
McDonald's,Strawberry McCafé Shake (16 fl oz cup),710.0,14.0,116.0,20.0
McDonald's,Strawberry McCafé Shake (22 fl oz cup),860.0,18.0,144.0,24.0
McDonald's,Strawberry Triple Thick Shake (12 fl oz cup),420.0,10.0,73.0,10.0
McDonald's,Strawberry Triple Thick Shake (16 fl oz cup),560.0,13.0,97.0,13.0
McDonald's,Strawberry Triple Thick Shake (21 fl oz cup),740.0,17.0,128.0,18.0
McDonald's,Strawberry Triple Thick Shake (32 fl oz cup),1110.0,25.0,194.0,26.0
McDonald's,Vanilla McCafé Shake (12 fl oz cup),540.0,10.0,88.0,16.0
McDonald's,Vanilla McCafé Shake (16 fl oz cup),680.0,14.0,111.0,20.0
McDonald's,Vanilla McCafé Shake (22 fl oz cup),830.0,17.0,138.0,24.0
McDonald's,Vanilla Triple Thick Shake (32 fl oz cup),1110.0,25.0,193.0,26.0
McDonald's,Vanilla Triple Thick Shake (12 fl oz cup),420.0,9.0,72.0,10.0
McDonald's,Vanilla Triple Thick Shake (16 fl oz cup),550.0,13.0,96.0,13.0
McDonald's,Vanilla Triple Thick Shake (21 fl oz cup),740.0,17.0,128.0,18.0
McDonald's,1% Low Fat Milk Jug,100.0,8.0,12.0,2.5
McDonald's,1% Low Fat Chocolate Milk Jug,170.0,9.0,26.0,3.0
McDonald's,Minute Maid 100% Apple Juice Box,100.0,0.0,23.0,0.0
McDonald's,Dasani Water,0.0,0.0,0.0,0.0
McDonald's,Minute Maid Orange Juice (Small),150.0,2.0,30.0,0.0
McDonald's,Minute Maid Orange Juice (Medium),190.0,3.0,39.0,0.0
McDonald's,Minute Maid Orange Juice (Large),280.0,4.0,58.0,0.0
McDonald's,Coca-Cola Classic (Child),110.0,0.0,29.0,0.0
McDonald's,Coca-Cola Classic (Small),150.0,0.0,40.0,0.0
McDonald's,Coca-Cola Classic (Medium),210.0,0.0,58.0,0.0
McDonald's,Coca-Cola Classic (Large),310.0,0.0,86.0,0.0
McDonald's,Diet Coke (Child),0.0,0.0,0.0,0.0
McDonald's,Diet Coke (Small),0.0,0.0,0.0,0.0
McDonald's,Diet Coke (Medium),0.0,0.0,0.0,0.0
McDonald's,Diet Coke (Large),0.0,0.0,0.0,0.0
McDonald's,Sprite (Child),110.0,0.0,28.0,0.0
McDonald's,Sprite (Small),150.0,0.0,39.0,0.0
McDonald's,Sprite (Medium),210.0,0.0,56.0,0.0
McDonald's,Sprite (Large),310.0,0.0,83.0,0.0
McDonald's,Hi-C Orange Lavaburst (Child),120.0,0.0,32.0,0.0
McDonald's,Hi-C Orange Lavaburst (Small),160.0,0.0,44.0,0.0
McDonald's,Hi-C Orange Lavaburst (Medium),240.0,0.0,64.0,0.0
McDonald's,Hi-C Orange Lavaburst (Large),350.0,0.0,94.0,0.0
McDonald's,POWERade Mountain Blast (Child),70.0,0.0,20.0,0.0
McDonald's,POWERade Mountain Blast (Small),100.0,0.0,27.0,0.0
McDonald's,POWERade Mountain Blast (Medium),150.0,0.0,39.0,0.0
McDonald's,POWERade Mountain Blast (Large),220.0,0.0,58.0,0.0
McDonald's,Iced Tea (Child),0.0,0.0,0.0,0.0
McDonald's,Iced Tea (Small),0.0,0.0,0.0,0.0
McDonald's,Iced Tea (Medium),0.0,0.0,0.0,0.0
McDonald's,Iced Tea (Large),0.0,0.0,1.0,0.0
McDonald's,Coffee (Small),0.0,0.0,0.0,0.0
McDonald's,Coffee (Large),0.0,0.0,0.0,0.0
McDonald's,Coffee Cream,20.0,0.0,0.0,2.0
McDonald's,Sugar Packet,15.0,0.0,4.0,0.0
McDonald's,EQUAL 0 Calorie Sweetener,0.0,0.0,1.0,0.0
McDonald's,SPLENDA No Calorie Sweetener,0.0,0.0,1.0,0.0
McDonald's,Iced Coffee- Caramel (Small),130.0,1.0,21.0,5.0
McDonald's,Iced Coffee- Caramel (Medium),190.0,2.0,27.0,8.0
McDonald's,Iced Coffee- Caramel (Large),270.0,2.0,41.0,11.0
McDonald's,Iced Coffee- Hazelnut (Small),130.0,1.0,21.0,5.0
McDonald's,Iced Coffee- Hazelnut (Medium),190.0,2.0,29.0,8.0
McDonald's,Iced Coffee- Hazelnut (Large),270.0,2.0,43.0,11.0
McDonald's,Iced Coffee- Regular (Small),140.0,1.0,22.0,5.0
McDonald's,Iced Coffee- Regular (Medium),200.0,2.0,30.0,8.0
McDonald's,Iced Coffee- Regular (Large),280.0,2.0,45.0,11.0
McDonald's,Iced Coffee- Vanilla (Small),130.0,1.0,21.0,5.0
McDonald's,Iced Coffee- Vanilla (Medium),190.0,2.0,29.0,8.0
McDonald's,Iced Coffee- Vanilla (Large),270.0,2.0,43.0,11.0
McDonald's,Iced Coffee with Sugar Free Vanilla Syrup (Small),60.0,1.0,8.0,5.0
McDonald's,Iced Coffee with Sugar Free Vanilla Syrup (Medium),90.0,2.0,11.0,8.0
McDonald's,Iced Coffee with Sugar Free Vanilla Syrup (Large),120.0,2.0,16.0,11.0
McDonald's,Sweet Tea (Child),110.0,0.0,27.0,0.0
McDonald's,Sweet Tea (Large),280.0,1.0,69.0,0.0
McDonald's,Sweet Tea (Medium),180.0,1.0,45.0,0.0
McDonald's,Sweet Tea (Small),150.0,1.0,36.0,0.0
McDonald's,Nonfat Cappuccino (Small),60.0,6.0,9.0,0.0
McDonald's,Nonfat Cappuccino (Medium),80.0,8.0,12.0,0.0
McDonald's,Nonfat Cappuccino (Large),90.0,9.0,13.0,0.0
McDonald's,Nonfat Latte (Small),90.0,9.0,13.0,0.0
McDonald's,Nonfat Latte (Medium),110.0,10.0,15.0,0.0
McDonald's,Nonfat Latte (Large),120.0,12.0,18.0,0.0
McDonald's,Nonfat Caramel Cappuccino (Small),150.0,5.0,33.0,0.0
McDonald's,Nonfat Caramel Cappuccino (Medium),190.0,6.0,41.0,0.0
McDonald's,Nonfat Caramel Cappuccino (Large),230.0,7.0,49.0,0.0
McDonald's,Nonfat Caramel Latte (Small),170.0,7.0,36.0,0.0
McDonald's,Nonfat Caramel Latte (Medium),220.0,9.0,45.0,0.0
McDonald's,Nonfat Caramel Latte (Large),260.0,10.0,53.0,0.0
McDonald's,Nonfat Hazelnut Cappuccino (Small),150.0,5.0,34.0,0.0
McDonald's,Nonfat Hazelnut Cappuccino (Medium),190.0,6.0,43.0,0.0
McDonald's,Nonfat Hazelnut Cappuccino (Large),230.0,7.0,51.0,0.0
McDonald's,Nonfat Hazelnut Latte (Small),180.0,7.0,37.0,0.0
McDonald's,Nonfat Hazelnut Latte (Medium),220.0,9.0,46.0,0.0
McDonald's,Nonfat Hazelnut Latte (Large),260.0,10.0,55.0,0.0
McDonald's,Nonfat Vanilla Cappuccino (Small),150.0,5.0,34.0,0.0
McDonald's,Nonfat Vanilla Cappuccino (Medium),190.0,6.0,42.0,0.0
McDonald's,Nonfat Vanilla Cappuccino (Large),230.0,7.0,51.0,0.0
McDonald's,Nonfat Vanilla Latte (Small),180.0,7.0,37.0,0.0
McDonald's,Nonfat Vanilla Latte (Medium),220.0,9.0,46.0,0.0
McDonald's,Nonfat Vanilla Latte (Large),260.0,10.0,55.0,0.0
McDonald's,Nonfat Cappuccino with Sugar Free Vanilla Syrup (Small),50.0,5.0,15.0,0.0
McDonald's,Nonfat Cappuccino with Sugar Free Vanilla Syrup (Medium),70.0,7.0,19.0,0.0
McDonald's,Nonfat Cappuccino with Sugar Free Vanilla Syrup (Large),80.0,8.0,22.0,0.0
McDonald's,Nonfat Latte with Sugar Free Vanilla Syrup (Small),80.0,7.0,18.0,0.0
McDonald's,Nonfat Latte with Sugar Free Vanilla Syrup (Medium),90.0,9.0,22.0,0.0
McDonald's,Nonfat Latte with Sugar Free Vanilla Syrup (Large),110.0,11.0,27.0,0.0
McDonald's,Mocha with Nonfat Milk (Small),240.0,7.0,41.0,5.0
McDonald's,Mocha with Nonfat Milk (Medium),280.0,8.0,50.0,6.0
McDonald's,Mocha with Nonfat Milk (Large),330.0,10.0,58.0,6.0
McDonald's,Hot Chocolate with Nonfat Milk (Small),250.0,8.0,43.0,5.0
McDonald's,Hot Chocolate with Nonfat Milk (Medium),310.0,11.0,55.0,6.0
McDonald's,Hot Chocolate with Nonfat Milk (Large),390.0,16.0,68.0,6.0
McDonald's,Iced Nonfat Latte (Small),50.0,5.0,7.0,0.0
McDonald's,Iced Nonfat Latte (Medium),60.0,6.0,9.0,0.0
McDonald's,Iced Nonfat Latte (Large),70.0,7.0,11.0,0.0
McDonald's,Iced Nonfat Caramel Latte (Small),140.0,3.0,30.0,0.0
McDonald's,Iced Nonfat Caramel Latte (Medium),150.0,5.0,32.0,0.0
McDonald's,Iced Nonfat Caramel Latte (Large),190.0,6.0,40.0,0.0
McDonald's,Iced Nonfat Hazelnut Latte (Small),140.0,3.0,32.0,0.0
McDonald's,Iced Nonfat Hazelnut Latte (Medium),150.0,5.0,33.0,0.0
McDonald's,Iced Nonfat Hazelnut Latte (Large),190.0,6.0,42.0,0.0
McDonald's,Iced Nonfat Vanilla Latte (Small),140.0,3.0,31.0,0.0
McDonald's,Iced Nonfat Vanilla Latte (Medium),150.0,5.0,33.0,0.0
McDonald's,Iced Nonfat Vanilla Latte (Large),190.0,6.0,41.0,0.0
McDonald's,Iced Nonfat Latte with Sugar Free Vanilla Syrup (Small),40.0,4.0,13.0,0.0
McDonald's,Iced Nonfat Latte with Sugar Free Vanilla Syrup (Medium),50.0,5.0,14.0,0.0
McDonald's,Iced Nonfat Latte with Sugar Free Vanilla Syrup (Large),60.0,6.0,19.0,0.0
McDonald's,Iced Mocha with Nonfat Milk (Medium),270.0,7.0,43.0,8.0
McDonald's,Iced Nonfat Caramel Mocha (Large),300.0,11.0,49.0,6.0
McDonald's,Iced Nonfat Caramel Mocha (Medium),240.0,9.0,37.0,6.0
McDonald's,Iced Nonfat Caramel Mocha (Small),200.0,6.0,29.0,6.0
McDonald's,Nonfat Caramel Mocha (Large),280.0,12.0,49.0,4.0
McDonald's,Nonfat Caramel Mocha (Medium),240.0,9.0,41.0,4.0
McDonald's,Nonfat Caramel Mocha (Small),200.0,8.0,34.0,4.0
McDonald's,Cappuccino (Small),120.0,6.0,9.0,7.0
McDonald's,Cappuccino (Medium),140.0,8.0,11.0,8.0
McDonald's,Cappuccino (Large),180.0,9.0,13.0,10.0
McDonald's,Latte (Small),150.0,8.0,11.0,8.0
McDonald's,Latte (Medium),180.0,10.0,13.0,10.0
McDonald's,Latte (Large),210.0,11.0,16.0,11.0
McDonald's,Caramel Cappuccino (Small),200.0,5.0,32.0,5.0
McDonald's,Caramel Cappuccino (Medium),240.0,6.0,41.0,6.0
McDonald's,Caramel Cappuccino (Large),290.0,8.0,49.0,8.0
McDonald's,Caramel Latte (Small),230.0,7.0,35.0,7.0
McDonald's,Caramel Latte (Medium),280.0,8.0,43.0,8.0
McDonald's,Caramel Latte (Large),330.0,9.0,52.0,9.0
McDonald's,Hazelnut Cappuccino (Small),200.0,5.0,34.0,5.0
McDonald's,Hazelnut Cappuccino (Medium),240.0,6.0,42.0,6.0
McDonald's,Hazelnut Cappuccino (Large),290.0,7.0,51.0,8.0
McDonald's,Hazelnut Latte (Small),230.0,7.0,36.0,7.0
McDonald's,Hazelnut Latte (Medium),280.0,8.0,45.0,8.0
McDonald's,Hazelnut Latte (Large),330.0,9.0,53.0,9.0
McDonald's,Vanilla Cappuccino (Small),200.0,5.0,34.0,5.0
McDonald's,Vanilla Cappuccino (Medium),240.0,6.0,42.0,6.0
McDonald's,Vanilla Cappuccino (Large),290.0,7.0,51.0,8.0
McDonald's,Vanilla Latte (Small),230.0,7.0,36.0,7.0
McDonald's,Vanilla Latte (Medium),280.0,8.0,44.0,8.0
McDonald's,Vanilla Latte (Large),330.0,9.0,53.0,9.0
McDonald's,Cappuccino with Sugar Free Vanilla Syrup (Small),100.0,5.0,15.0,5.0
McDonald's,Cappuccino with Sugar Free Vanilla Syrup (Medium),120.0,6.0,18.0,6.0
McDonald's,Cappuccino with Sugar Free Vanilla Syrup (Large),150.0,8.0,22.0,8.0
McDonald's,Latte with Sugar Free Vanilla Syrup (Small),130.0,7.0,17.0,7.0
McDonald's,Latte with Sugar Free Vanilla Syrup (Medium),160.0,8.0,21.0,8.0
McDonald's,Latte with Sugar Free Vanilla Syrup (Large),180.0,10.0,25.0,10.0
McDonald's,Mocha (Small),280.0,6.0,40.0,11.0
McDonald's,Mocha (Medium),330.0,7.0,48.0,12.0
McDonald's,Mocha (Large),400.0,10.0,58.0,14.0
McDonald's,Hot Chocolate (Small),300.0,8.0,41.0,12.0
McDonald's,Hot Chocolate (Medium),380.0,10.0,53.0,15.0
McDonald's,Hot Chocolate (Large),460.0,13.0,63.0,18.0
McDonald's,Iced Latte (Small),80.0,4.0,6.0,4.5
McDonald's,Iced Latte (Medium),100.0,6.0,8.0,6.0
McDonald's,Iced Latte (Large),140.0,7.0,10.0,8.0
McDonald's,Iced Caramel Latte (Small),160.0,3.0,29.0,3.0
McDonald's,Iced Caramel Latte (Medium),180.0,4.0,31.0,4.5
McDonald's,Iced Caramel Latte (Large),230.0,6.0,40.0,6.0
McDonald's,Iced Hazelnut Latte (Small),160.0,3.0,31.0,3.0
McDonald's,Iced Hazelnut Latte (Medium),180.0,4.0,33.0,4.5
McDonald's,Iced Hazelnut Latte (Large),230.0,6.0,41.0,6.0
McDonald's,Iced Vanilla Latte (Small),160.0,3.0,31.0,3.0
McDonald's,Iced Vanilla Latte (Medium),190.0,5.0,33.0,4.5
McDonald's,Iced Vanilla Latte (Large),230.0,6.0,41.0,6.0
McDonald's,Iced Latte with Sugar Free Vanilla Syrup (Small),60.0,3.0,12.0,3.0
McDonald's,Iced Latte with Sugar Free Vanilla Syrup (Medium),90.0,5.0,14.0,5.0
McDonald's,Iced Latte with Sugar Free Vanilla Syrup (Large),110.0,6.0,19.0,6.0
McDonald's,Iced Mocha (Medium),310.0,7.0,42.0,13.0
McDonald's,Caramel Mocha (Large),360.0,10.0,47.0,14.0
McDonald's,Caramel Mocha (Medium),290.0,8.0,39.0,12.0
McDonald's,Caramel Mocha (Small),250.0,7.0,33.0,11.0
McDonald's,Iced Caramel Mocha (Large),380.0,10.0,48.0,16.0
McDonald's,Iced Caramel Mocha (Medium),300.0,8.0,36.0,14.0
McDonald's,Iced Caramel Mocha (Small),240.0,6.0,29.0,12.0
McDonald's,Frappe Caramel (Small),450.0,6.0,61.0,20.0
McDonald's,Frappe Caramel (Medium),550.0,8.0,76.0,24.0
McDonald's,Frappe Caramel (Large),680.0,10.0,94.0,29.0
McDonald's,Frappe Mocha (Small),450.0,7.0,62.0,20.0
McDonald's,Frappe Mocha (Medium),560.0,8.0,78.0,24.0
McDonald's,Frappe Mocha (Large),680.0,10.0,96.0,28.0
McDonald's,Strawberry Banana Smoothie (Large),330.0,3.0,77.0,1.0
McDonald's,Strawberry Banana Smoothie (Medium),260.0,2.0,60.0,1.0
McDonald's,Strawberry Banana Smoothie (Small),210.0,2.0,49.0,0.5
McDonald's,Wild Berry Smoothie (Large),320.0,3.0,75.0,1.0
McDonald's,Wild Berry Smoothie (Medium),260.0,3.0,60.0,1.0
McDonald's,Wild Berry Smoothie (Small),210.0,2.0,48.0,0.5
Burger King,Whopper Sandwich,660.0,28.0,49.0,40.0
Burger King,Whopper Sandwich with Cheese,740.0,32.0,50.0,46.0
Burger King,Bacon & Cheese Whopper Sandwich,790.0,35.0,50.0,51.0
Burger King,Double Whopper Sandwich,900.0,48.0,49.0,58.0
Burger King,Double Whopper Sandwich with Cheese,980.0,52.0,50.0,64.0
Burger King,Triple Whopper Sandwich,1130.0,67.0,49.0,75.0
Burger King,Triple Whopper Sandwich with Cheese,1220.0,71.0,50.0,82.0
Burger King,Whopper JR. Sandwich,310.0,13.0,27.0,18.0
Burger King,Bacon King Sandwich,1150.0,61.0,49.0,79.0
Burger King,Cheddar Bacon King Sandwich,1190.0,64.0,50.0,84.0
Burger King,Single Quarter Pound King Sandwich,580.0,32.0,49.0,29.0
Burger King,Double Quarter Pound King Sandwich,900.0,56.0,50.0,54.0
Burger King,Single Stacker King,700.0,35.0,48.0,42.0
Burger King,Double Stacker King,1050.0,61.0,49.0,68.0
Burger King,IMPOSSIBLE Whopper Sandwich,630.0,25.0,58.0,34.0
Burger King,Hamburger,240.0,13.0,26.0,10.0
Burger King,Cheeseburger,280.0,15.0,27.0,13.0
Burger King,Double Hamburger,350.0,21.0,26.0,18.0
Burger King,Double Cheeseburger,390.0,23.0,27.0,21.0
Burger King,Extra Long Cheeseburger,630.0,29.0,45.0,37.0
Burger King,Bacon Cheeseburger,320.0,17.0,27.0,16.0
Burger King,Bacon Double Cheeseburger,420.0,25.0,27.0,24.0
Burger King,Crispy Chicken Sandwich,670.0,23.0,54.0,41.0
Burger King,Spicy Crispy Chicken Sandwich,700.0,25.0,57.0,42.0
Burger King,Original Chicken Sandwich,660.0,28.0,48.0,40.0
Burger King,Bacon & Cheese Crispy Chicken Sandwich,800.0,30.0,55.0,52.0
Burger King,BBQ Bacon Crispy Chicken Sandwich,790.0,28.0,60.0,49.0
Burger King,Crispy Chicken Jr.,450.0,12.0,34.0,30.0
Burger King,Spicy Crispy Chicken Jr.,390.0,12.0,37.0,21.0
Burger King,Chicken Nuggets- 4pc,170.0,8.0,11.0,11.0
Burger King,Chicken Nuggets- 6pc,260.0,12.0,16.0,16.0
Burger King,Chicken Nuggets- 10pc,430.0,20.0,27.0,27.0
Burger King,Chicken Nuggets- 20pc,860.0,39.0,53.0,54.0
Burger King,Spicy Chicken Nuggets- 4pc,210.0,8.0,11.0,15.0
Burger King,Spicy Chicken Nuggets- 6pc,320.0,12.0,17.0,22.0
Burger King,Spicy Chicken Nuggets- 10 pc,530.0,20.0,28.0,37.0
Burger King,Spicy Chicken Nuggets- 20 pc,1050.0,40.0,56.0,74.0
Burger King,Chicken Fries - 9 pc.,280.0,13.0,20.0,17.0
Burger King,Crispy Taco,170.0,5.0,19.0,9.0
Burger King,BIG FISH Sandwich,510.0,16.0,51.0,28.0
Burger King,Garden Chicken Salad with Crispy Chicken - no dressing,440.0,25.0,31.0,25.0
Burger King,Club Salad with Crispy Chicken - no dressing,540.0,31.0,31.0,33.0
Burger King,Garden Side Salad - w/o dressing,60.0,4.0,3.0,4.0
Burger King,Ken's Ranch Dressing,260.0,1.0,2.0,28.0
Burger King,Ken's Golden Italian Dressing,160.0,0.0,4.0,17.0
Burger King,Ken's Lite Honey Balsamic Vinaigrette,120.0,0.0,14.0,8.0
Burger King,Buttery Garlic Croutons- Packet,60.0,1.0,9.0,2.5
Burger King,Onion Rings - value,150.0,1.0,19.0,8.0
Burger King,Onion Rings - small,320.0,3.0,41.0,16.0
Burger King,Onion Rings - medium,410.0,4.0,53.0,21.0
Burger King,Onion Rings - large,500.0,5.0,64.0,25.0
Burger King,French Fries - value (unsalted),220.0,2.0,34.0,9.0
Burger King,French Fries - small,320.0,4.0,49.0,13.0
Burger King,French Fries - medium,380.0,4.0,58.0,16.0
Burger King,French Fries - large,430.0,5.0,66.0,18.0
Burger King,Kids Oatmeal,170.0,4.0,32.0,3.0
Burger King,Chicken Nuggets- 4pc,170.0,8.0,11.0,11.0
Burger King,Chicken Nuggets- 6pc,260.0,12.0,16.0,16.0
Burger King,Hamburger,240.0,13.0,26.0,10.0
Burger King,Cheeseburger,280.0,15.0,27.0,13.0
Burger King,Mott's Natural Applesauce,50.0,0.0,13.0,0.0
Burger King,Fat FREE Milk (8 fl oz),90.0,9.0,13.0,0.0
Burger King,1% Low Fat Chocolate Milk (8 fl oz),160.0,8.0,26.0,2.5
Burger King,Capri Sun 100% Apple Juice (6 fl oz),80.0,0.0,20.0,0.0
Burger King,PB&J Jamwich,300.0,11.0,33.0,16.0
Burger King,Soft Serve Cone,190.0,5.0,32.0,4.5
Burger King,Dutch Apple Pie,340.0,3.0,51.0,14.0
Burger King,HERSHEY'S Sundae Pie,310.0,3.0,32.0,19.0
Burger King,Pie made with TWIX,370.0,4.0,45.0,20.0
Burger King,OREO Cookie Cheesecake,350.0,6.0,41.0,18.0
Burger King,Soft Serve Cone,190.0,5.0,32.0,4.5
Burger King,Soft Serve Cup,170.0,5.0,28.0,4.5
Burger King,HERSHEY's Chocolate Sundae,260.0,5.0,49.0,5.0
Burger King,Caramel Sundae,240.0,5.0,42.0,5.0
Burger King,Chocolate Chip Cookies (each),160.0,2.0,24.0,8.0
Burger King,CROISSAN'WICH Egg & Cheese,340.0,12.0,29.0,18.0
Burger King,"CROISSAN'WICH Sausage, Egg & Cheese",500.0,19.0,30.0,33.0
Burger King,"CROISSAN'WICH Ham, Egg & Cheese",370.0,17.0,30.0,19.0
Burger King,"CROISSAN'WICH Bacon, Egg & Cheese",370.0,14.0,30.0,21.0
Burger King,Fully Loaded CROISSAN'WICH,610.0,28.0,31.0,40.0
Burger King,Double CROISSAN'WICH with Sausage & Bacon,580.0,23.0,31.0,40.0
Burger King,Double CROISSAN'WICH with Sausage,710.0,29.0,31.0,52.0
Burger King,Double CROISSAN'WICH with Ham & Sausage,580.0,27.0,31.0,38.0
Burger King,Fully Loaded Biscuit,640.0,28.0,31.0,45.0
Burger King,"Ham, Egg, & Cheese Biscuit",400.0,17.0,29.0,24.0
Burger King,"Sausage, Egg, & Cheese Biscuit",530.0,19.0,29.0,38.0
Burger King,"Bacon, Egg & Cheese Biscuit",400.0,13.0,29.0,26.0
Burger King,Sausage Biscuit,420.0,12.0,28.0,28.0
Burger King,Breakfast Burrito Jr.,370.0,15.0,27.0,23.0
Burger King,EGG-NORMOUS BURRITOΡ,780.0,32.0,68.0,42.0
Burger King,BK Ultimate Breakfast Platter,930.0,24.0,110.0,44.0
Burger King,NY Ultimate Platter (Regional menu item),900.0,25.0,95.0,46.0
Burger King,Pancake and Sausage platter,610.0,12.0,72.0,31.0
Burger King,Hash Browns - small,250.0,2.0,24.0,16.0
Burger King,Hash Browns - medium,500.0,4.0,48.0,33.0
Burger King,Hash Browns - large,670.0,5.0,65.0,44.0
Burger King,French Toast Sticks (3 piece),230.0,3.0,29.0,11.0
Burger King,French Toast Sticks (5 piece),380.0,5.0,49.0,18.0
Burger King,American Cheese (slice),40.0,2.0,1.0,3.5
Burger King,Ketchup (Packet),10.0,0.0,3.0,0.0
Burger King,Mayonnaise (Packet),80.0,0.0,1.0,9.0
Burger King,Strawberry or Grape Jam (packet),30.0,0.0,7.0,0.0
Burger King,Breakfast Syrup (1 oz),120.0,0.0,30.0,0.0
Burger King,Barbecue Dipping Sauce (1 oz),40.0,0.0,11.0,0.0
Burger King,Ranch Dipping Sauce (1 oz),140.0,1.0,1.0,15.0
Burger King,Buffalo Dipping Sauce (1 oz),80.0,0.0,2.0,8.0
Burger King,Zesty Onion Ring Dipping Sauce (1 oz),150.0,0.0,3.0,15.0
Burger King,Honey Mustard Dipping Sauce (1oz),90.0,0.0,8.0,6.0
Burger King,Fat FREE Milk (8 fl oz),90.0,9.0,13.0,0.0
Burger King,1% Low Fat Chocolate Milk (8 fl oz),160.0,8.0,26.0,2.5
Burger King,Smoothie: Strawberry Banana 16 fl oz,310.0,4.0,71.0,1.0
Burger King,Oreo Shake,720.0,16.0,118.0,20.0
Burger King,Chocolate Oreo Shake,740.0,17.0,121.0,22.0
Burger King,Vanilla Milk Shake,580.0,14.0,98.0,15.0
Burger King,HERSHEY'S Chocolate Milk Shake,610.0,14.0,103.0,16.0
Burger King,Strawberry Milk Shake,640.0,14.0,113.0,15.0
Burger King,16 fl oz,210.0,0.0,58.0,0.0
Burger King,20 fl oz,270.0,0.0,73.0,0.0
Burger King,29 fl oz,290.0,0.0,105.0,0.0
Burger King,38 fl oz,510.0,0.0,138.0,0.0
Burger King,16 fl oz,0.0,0.0,0.0,0.0
Burger King,20 fl oz,0.0,0.0,0.0,0.0
Burger King,29 fl oz,0.0,0.0,0.0,0.0
Burger King,38 fl oz,0.0,0.0,0.0,0.0
Burger King,16 fl oz,210.0,0.0,56.0,0.0
Burger King,20 fl oz,260.0,0.0,70.0,0.0
Burger King,29 fl oz,380.0,0.0,102.0,0.0
Burger King,38 fl oz,500.0,0.0,133.0,0.0
Burger King,16 fl oz,190.0,0.0,52.0,0.0
Burger King,20 fl oz,240.0,0.0,65.0,0.0
Burger King,29 fl oz,350.0,0.0,94.0,0.0
Burger King,38 fl oz,450.0,0.0,124.0,0.0
Burger King,16 fl oz,240.0,0.0,65.0,0.0
Burger King,20 fl oz,300.0,0.0,81.0,0.0
Burger King,29 fl oz,350.0,0.0,118.0,0.0
Burger King,38 fl oz,450.0,0.0,155.0,0.0
Burger King,16 fl oz,220.0,0.0,61.0,0.0
Burger King,20 fl oz,280.0,0.0,76.0,0.0
Burger King,29 fl oz,410.0,0.0,110.0,0.0
Burger King,38 fl oz,450.0,0.0,145.0,0.0
Burger King,16 fl oz,230.0,0.0,62.0,0.0
Burger King,20 fl oz,280.0,0.0,78.0,0.0
Burger King,29 fl oz,410.0,0.0,113.0,0.0
Burger King,38 fl oz,530.0,0.0,148.0,0.0
Burger King,16 fl oz,220.0,0.0,62.0,0.0
Burger King,20 fl oz,280.0,0.0,77.0,0.0
Burger King,29 fl oz,410.0,0.0,111.0,0.0
Burger King,38 fl oz,450.0,0.0,146.0,0.0
Burger King,16 fl oz,10.0,0.0,3.0,0.0
Burger King,20 fl oz,10.0,0.0,4.0,0.0
Burger King,29 fl oz,15.0,0.0,5.0,0.0
Burger King,38 fl oz,20.0,0.0,7.0,0.0
Burger King,20 fl oz,120.0,0.0,35.0,0.0
Burger King,29 fl oz,160.0,0.0,49.0,0.0
Burger King,40 fl oz,240.0,0.0,71.0,0.0
Burger King,20 fl oz,0.0,0.0,0.0,0.0
Burger King,29 fl oz,0.0,0.0,0.0,0.0
Burger King,40 fl oz,0.0,0.0,0.0,0.0
Burger King,Capri Sun 100% Apple Juice,80.0,0.0,20.0,0.0
Burger King,Minute Maid Orange Juice,140.0,2.0,33.0,0.0
Burger King,Frozen Coke - 16 oz,130.0,0.0,35.0,0.0
Burger King,BK Café Coffee- 12 fl oz,0.0,0.0,0.0,0.0
Burger King,BK Café Coffee- 16 fl oz,0.0,0.0,0.0,0.0
Burger King,BK Café Coffee- 20 fl oz,0.0,0.0,0.0,0.0
Burger King,BK Café Decaf Coffee- 12 fl oz,0.0,0.0,0.0,0.0
Burger King,BK Café Decaf Coffee- 16 fl oz,0.0,0.0,0.0,0.0
Burger King,BK Café Decaf Coffee- 20 fl oz,0.0,0.0,0.0,0.0
Burger King,BK Café Iced Vanilla Coffee- 12 fl oz,150.0,1.0,21.0,8.0
Burger King,BK Café Iced Vanilla Coffee- 16 fl oz,200.0,2.0,27.0,10.0
Burger King,BK Café Iced Vanilla Coffee- 20 fl oz,260.0,2.0,34.0,13.0
Burger King,BK Café Iced Mocha Coffee- 12 fl oz,180.0,2.0,27.0,8.0
Burger King,BK Café Iced Mocha Coffee- 16 fl oz,240.0,2.0,35.0,10.0
Burger King,BK Café Iced Mocha Coffee- 20 fl oz,300.0,3.0,45.0,13.0
Burger King,BK Café Mocha Frappe- 12 fl oz,300.0,7.0,50.0,8.0
Burger King,BK Café Mocha Frappe- 16 fl oz,400.0,9.0,68.0,10.0
Burger King,BK Café Mocha Frappe- 20 fl oz,510.0,12.0,87.0,13.0
Burger King,BK Café Caramel Frappe- 12 fl oz,300.0,7.0,50.0,8.0
Burger King,BK Café Caramel Frappe- 16 fl oz,400.0,9.0,68.0,10.0
Burger King,BK Café Caramel Frappe- 20 fl oz,500.0,11.0,86.0,12.0
Taco Bell,Bacon Club Chalupa,440.0,20.0,31.0,27.0
Taco Bell,Blue Raspberry Freeze (16 oz),120.0,0.0,30.0,0.0
Taco Bell,Blue Raspberry Freeze (20 oz),150.0,0.0,38.0,0.0
Taco Bell,Loaded Nacho Taco,250.0,10.0,24.0,12.0
Taco Bell,Midnight Berry Freeze (16 oz),140.0,0.0,35.0,0.0
Taco Bell,Midnight Berry Freeze (20 oz),170.0,0.0,43.0,0.0
Taco Bell,Nacho Fries,320.0,4.0,35.0,18.0
Taco Bell,Nacho Fries BellGrande,710.0,13.0,73.0,40.0
Taco Bell,Black Bean Chalupa - Online Exclusive,330.0,10.0,39.0,15.0
Taco Bell,Black Bean Quesarito - Online Exclusive,630.0,19.0,73.0,29.0
Taco Bell,Quesarito - Online Exclusive,650.0,22.0,67.0,33.0
Taco Bell,- Beef,350.0,13.0,33.0,18.0
Taco Bell,- Chicken,330.0,16.0,31.0,15.0
Taco Bell,- Steak,330.0,15.0,32.0,16.0
Taco Bell,Cheesy Gordita Crunch,500.0,20.0,41.0,28.0
Taco Bell,Crunchy Taco,170.0,8.0,13.0,9.0
Taco Bell,Crunchy Taco Supreme,190.0,8.0,15.0,11.0
Taco Bell,Loaded Nacho Taco (New),250.0,10.0,24.0,12.0
Taco Bell,Nacho Cheese Doritos Locos Taco,170.0,8.0,13.0,9.0
Taco Bell,Nacho Cheese Doritos Locos Taco Supreme,190.0,8.0,15.0,11.0
Taco Bell,- Beef,180.0,9.0,17.0,9.0
Taco Bell,- Chicken,160.0,12.0,16.0,5.0
Taco Bell,- Beef,210.0,10.0,20.0,10.0
Taco Bell,- Chicken,180.0,13.0,18.0,7.0
Taco Bell,Bean Burrito (V),350.0,13.0,54.0,9.0
Taco Bell,Beefy 5-Layer Burrito,490.0,18.0,63.0,18.0
Taco Bell,- Beef,390.0,16.0,51.0,14.0
Taco Bell,- Chicken,370.0,19.0,49.0,11.0
Taco Bell,- Steak,370.0,18.0,49.0,12.0
Taco Bell,Chili Cheese Burrito (regional),370.0,16.0,40.0,17.0
Taco Bell,- Beef,650.0,22.0,67.0,33.0
Taco Bell,- Chicken,620.0,25.0,66.0,29.0
Taco Bell,- Steak,630.0,24.0,66.0,30.0
Taco Bell,Chips and Nacho Cheese Sauce (V),220.0,2.0,24.0,13.0
Taco Bell,Nacho Fries (V) (New),320.0,4.0,35.0,18.0
Taco Bell,Nacho Fries BellGrande (New),710.0,13.0,73.0,40.0
Taco Bell,- Beef,740.0,16.0,82.0,38.0
Taco Bell,- Chicken,720.0,20.0,81.0,35.0
Taco Bell,- Steak,720.0,19.0,81.0,36.0
Taco Bell,Beef Quesarito,650.0,22.0,67.0,33.0
Taco Bell,Black Bean Quesarito (V),630.0,19.0,73.0,29.0
Taco Bell,Quesadilla - Cheese (V),470.0,19.0,37.0,25.0
Taco Bell,Quesadilla - Chicken,510.0,27.0,38.0,26.0
Taco Bell,Quesadilla - Steak,520.0,27.0,38.0,27.0
Taco Bell,Bacon Club Chalupa - Specialties,440.0,20.0,31.0,27.0
Taco Bell,Black Bean Chalupa - Specialties,330.0,10.0,39.0,15.0
Taco Bell,Black Bean Crunchwrap Supreme - Specialties,510.0,13.0,77.0,17.0
Taco Bell,Black Bean Quesarito - Specialties,630.0,19.0,73.0,29.0
Taco Bell,Chalupa Supreme - Specialties,350.0,13.0,33.0,18.0
Taco Bell,Cheesy Gordita Crunch - Specialties,500.0,20.0,41.0,28.0
Taco Bell,Cheesy Roll Up - Specialties,180.0,9.0,15.0,9.0
Taco Bell,Crunchwrap Supreme - Specialties,530.0,16.0,71.0,21.0
Taco Bell,Crunchy Taco - Specialties,170.0,8.0,13.0,9.0
Taco Bell,Nacho Cheese Doritos Locos Taco - Specialties,170.0,8.0,13.0,9.0
Taco Bell,Nachos BellGrande - Specialties,740.0,16.0,82.0,38.0
Taco Bell,Power Menu Bowl - Specialties,470.0,26.0,50.0,19.0
Taco Bell,Quesadilla - Specialties,510.0,27.0,38.0,26.0
Taco Bell,Quesarito - Specialties,650.0,22.0,67.0,33.0
Taco Bell,Soft Taco - Specialties,180.0,9.0,17.0,9.0
Taco Bell,Soft Taco Supreme - Specialties,210.0,10.0,20.0,10.0
Taco Bell,Veggie Power Menu Bowl - Specialties,430.0,12.0,57.0,17.0
Taco Bell,Black Beans & Rice (V),170.0,4.0,31.0,3.5
Taco Bell,Black Beans (V),50.0,2.0,8.0,1.0
Taco Bell,Cinnabon Delights (2 Pk) (V),160.0,2.0,17.0,9.0
Taco Bell,Cinnabon Delights (12 Pk - Serves 4) (V),930.0,9.0,104.0,53.0
Taco Bell,Cinnamon Twists (V),170.0,1.0,27.0,6.0
Taco Bell,Diablo Sauce Packet (V),0.0,0.0,0.0,0.0
Taco Bell,Fire Sauce Packet (V),0.0,0.0,0.0,0.0
Taco Bell,Hot Sauce Packet (V),0.0,0.0,0.0,0.0
Taco Bell,Mild Sauce Packet (V),0.0,0.0,0.0,0.0
Taco Bell,Blue Raspberry Freeze (16 oz) (New),120.0,0.0,30.0,0.0
Taco Bell,Blue Raspberry Freeze (20 oz) (New),150.0,0.0,38.0,0.0
Taco Bell,Dragon Fruit Freeze (16 oz),190.0,0.0,49.0,0.0
Taco Bell,Dragon Fruit Freeze (20 oz),230.0,0.0,59.0,0.0
Taco Bell,Lowfat Milk - CA (Regional),100.0,9.0,13.0,2.0
Taco Bell,Lowfat Milk - Federal (Regional),80.0,7.0,10.0,2.0
Taco Bell,Midnight Berry Freeze (16 oz) (New),140.0,0.0,35.0,0.0
Taco Bell,Midnight Berry Freeze (20 oz) (New),170.0,0.0,43.0,0.0
Taco Bell,Mtn Dew Baja Blast Freeze (16 oz),150.0,0.0,41.0,0.0
Taco Bell,Mtn Dew Baja Blast Freeze (20 oz),190.0,0.0,51.0,0.0
Taco Bell,Orange Juice,140.0,2.0,33.0,0.0
Taco Bell,Premium Hot Coffee,10.0,2.0,0.0,0.0
Taco Bell,Regular Iced Coffee,10.0,2.0,0.0,0.0
Taco Bell,Water,0.0,0.0,0.0,0.0
Taco Bell,Wild Strawberry Freeze (16 oz),150.0,0.0,41.0,0.0
Taco Bell,Wild Strawberry Freeze (20 oz),190.0,0.0,51.0,0.0
Taco Bell,Beef Burrito - Value Menu,430.0,12.0,51.0,19.0
Taco Bell,Cheesy Bean & Rice Burrito - Value Menu,420.0,10.0,56.0,16.0
Taco Bell,Cheesy Roll Up - Value Menu,180.0,9.0,15.0,9.0
Taco Bell,Chicken Chipotle Melt - Value Menu,190.0,12.0,15.0,9.0
Taco Bell,Chips and Nacho Cheese Sauce - Value Menu,220.0,2.0,24.0,13.0
Taco Bell,Cinnamon Twists - Value Menu,170.0,1.0,27.0,6.0
Taco Bell,Loaded Nacho Taco - Value Menu,250.0,10.0,24.0,12.0
Taco Bell,Bean Burrito,350.0,13.0,54.0,9.0
Taco Bell,Black Bean Chalupa,330.0,10.0,39.0,15.0
Taco Bell,Black Bean Crunchwrap Supreme,510.0,13.0,77.0,17.0
Taco Bell,Black Bean Quesarito,630.0,19.0,73.0,29.0
Taco Bell,Black Beans & Rice,170.0,4.0,31.0,3.5
Taco Bell,Cheese Quesadilla,470.0,19.0,37.0,25.0
Taco Bell,Cheesy Bean & Rice Burrito,420.0,10.0,56.0,16.0
Taco Bell,Cheesy Roll Up,180.0,9.0,15.0,9.0
Taco Bell,Chips and Nacho Cheese Sauce,220.0,2.0,24.0,13.0
Taco Bell,Cinnabon Delights (2 Pack),160.0,2.0,17.0,9.0
Taco Bell,Cinnabon Delights (12 Pack - Serves 4),930.0,9.0,104.0,53.0
Taco Bell,Cinnamon Twists,170.0,1.0,27.0,6.0
Taco Bell,Hash Brown,160.0,1.0,13.0,12.0
Taco Bell,Power Menu Bowl - Veggie,430.0,12.0,57.0,17.0
Taco Bell,Power Menu Bowl - Chicken,470.0,26.0,50.0,19.0
Taco Bell,Power Menu Bowl - Steak,480.0,25.0,51.0,20.0
Taco Bell,Power Menu Bowl - Veggie (V),430.0,12.0,57.0,17.0
Taco Bell,Breakfast Crunchwrap - Bacon,670.0,21.0,50.0,41.0
Taco Bell,Breakfast Crunchwrap - Sausage,720.0,21.0,51.0,47.0
Taco Bell,Breakfast Crunchwrap - Steak,660.0,24.0,51.0,38.0
Taco Bell,Breakfast Salsa Packet (V),0.0,0.0,1.0,0.0
Taco Bell,Cheesy Toasted Breakfast Burrito - Bacon,350.0,13.0,36.0,16.0
Taco Bell,Cheesy Toasted Breakfast Burrito - Fiesta Potato (V),340.0,10.0,43.0,14.0
Taco Bell,Cheesy Toasted Breakfast Burrito - Sausage,340.0,11.0,36.0,17.0
Taco Bell,Cinnabon Delights (2 Pack) (V),160.0,2.0,17.0,9.0
Taco Bell,Cinnabon Delights (12 Pack - Serves 4) (V),930.0,9.0,104.0,53.0
Taco Bell,Grande Toasted Breakfast Burrito - Bacon,560.0,24.0,49.0,30.0
Taco Bell,Grande Toasted Breakfast Burrito - Sausage,560.0,22.0,49.0,31.0
Taco Bell,Grande Toasted Breakfast Burrito - Steak,560.0,27.0,50.0,28.0
Taco Bell,Hash Brown (V),160.0,1.0,13.0,12.0
Taco Bell,Hash Brown Toasted Breakfast Burrito - Bacon,570.0,21.0,49.0,33.0
Taco Bell,Hash Brown Toasted Breakfast Burrito - Sausage,570.0,18.0,49.0,34.0
Taco Bell,Hash Brown Toasted Breakfast Burrito - Steak,570.0,24.0,50.0,30.0
Taco Bell,7-Up (16 fl oz),190.0,,46.0,
Taco Bell,Brisk Mango Iced Tea (16 fl oz),100.0,,26.0,
Taco Bell,Brisk Unsweetened No Lemon Iced Tea (16 fl oz),0.0,,0.0,
Taco Bell,Diet Dr Pepper (16 fl oz),0.0,,0.0,
Taco Bell,Diet Mtn Dew (16 fl oz),5.0,,1.0,
Taco Bell,Diet Pepsi (16 fl oz),0.0,,0.0,
Taco Bell,Dr Pepper (16 fl oz),190.0,,52.0,
Taco Bell,G2 - Fruit Punch (16 fl oz),30.0,,7.0,
Taco Bell,Mtn Dew (16 fl oz),220.0,,59.0,
Taco Bell,Mtn Dew Baja Blast (16 fl oz),220.0,,59.0,
Taco Bell,Mtn Dew Baja Blast Zero Sugar (16 fl oz),5.0,,0.0,
Taco Bell,Mtn Dew Kickstart Orange Citrus (16 fl oz),70.0,,18.0,
Taco Bell,Mug Root Beer (16 fl oz),190.0,,52.0,
Taco Bell,Pepsi (16 fl oz),200.0,,55.0,
Taco Bell,Pepsi Wild Cherry (16 fl oz),210.0,,56.0,
Taco Bell,Pepsi Zero Sugar (16 fl oz),0.0,,0.0,
Taco Bell,Sierra Mist (16 fl oz),200.0,,54.0,
Taco Bell,Tropicana Pink Lemonade (16 fl oz),210.0,,53.0,
Taco Bell,7-Up (20 fl oz),240.0,,58.0,
Taco Bell,Brisk Mango Iced Tea (20 fl oz),120.0,,32.0,
Taco Bell,Brisk Unsweetened No Lemon Iced Tea (20 fl oz),0.0,,0.0,
Taco Bell,Diet Dr Pepper (20 fl oz),0.0,,0.0,
Taco Bell,Diet Mtn Dew (20 fl oz),10.0,,1.0,
Taco Bell,Diet Pepsi (20 fl oz),0.0,,0.0,
Taco Bell,Dr Pepper (20 fl oz),240.0,,65.0,
Taco Bell,G2 - Fruit Punch (20 fl oz),35.0,,9.0,
Taco Bell,Mtn Dew (20 fl oz),270.0,,73.0,
Taco Bell,Mtn Dew Baja Blast (20 fl oz),280.0,,74.0,
Taco Bell,Mtn Dew Baja Blast Zero Sugar (20 fl oz),10.0,,0.0,
Taco Bell,Mtn Dew Kickstart Orange Citrus (20 fl oz),90.0,,23.0,
Taco Bell,Mug Root Beer (20 fl oz),240.0,,65.0,
Taco Bell,Pepsi (20 fl oz),250.0,,69.0,
Taco Bell,Pepsi Wild Cherry (20 fl oz),260.0,,70.0,
Taco Bell,Pepsi Zero Sugar (20 fl oz),0.0,,0.0,
Taco Bell,Sierra Mist (20 fl oz),260.0,,68.0,
Taco Bell,Tropicana Pink Lemonade (20 fl oz),260.0,,67.0,
Taco Bell,7-Up (30 fl oz),350.0,,87.0,
Taco Bell,Brisk Mango Iced Tea (30 fl oz),180.0,,48.0,
Taco Bell,Brisk Unsweetened No Lemon Iced Tea (30 fl oz),0.0,,0.0,
Taco Bell,Diet Dr Pepper (30 fl oz),0.0,,1.0,
Taco Bell,Diet Mtn Dew (30 fl oz),10.0,,1.0,
Taco Bell,Diet Pepsi (30 fl oz),0.0,,0.0,
Taco Bell,Dr Pepper (30 fl oz),360.0,,98.0,
Taco Bell,G2 - Fruit Punch (30 fl oz),50.0,,13.0,
Taco Bell,Mtn Dew (30 fl oz),410.0,,110.0,
Taco Bell,Mtn Dew Baja Blast (30 fl oz),420.0,,110.0,
Taco Bell,Mtn Dew Baja Blast Zero Sugar (30 fl oz),15.0,,0.0,
Taco Bell,Mtn Dew Kickstart Orange Citrus (30 fl oz),130.0,,34.0,
Taco Bell,Mug Root Beer (30 fl oz),360.0,,98.0,
Taco Bell,Pepsi (30 fl oz),380.0,,104.0,
Taco Bell,Pepsi Wild Cherry (30 fl oz),390.0,,105.0,
Taco Bell,Pepsi Zero Sugar (30 fl oz),0.0,,1.0,
Taco Bell,Sierra Mist (30 fl oz),380.0,,101.0,
Taco Bell,Tropicana Pink Lemonade (30 fl oz),390.0,,100.0,
Chipotle,Crispy Taco Corn Tortilla,70.0,1.0,10.0,3.0
Chipotle,Flour Tortilla,320.0,8.0,50.0,9.0
Chipotle,Soft Taco Flour Tortilla,80.0,2.0,13.0,2.5
Chipotle,Barbacoa,170.0,24.0,2.0,7.0
Chipotle,Carnitas,210.0,23.0,0.0,12.0
Chipotle,Chicken,180.0,32.0,0.0,7.0
Chipotle,Sofritas,150.0,8.0,9.0,10.0
Chipotle,Steak,150.0,21.0,1.0,6.0
Chipotle,Black Beans,130.0,8.0,22.0,1.5
Chipotle,Brown Rice,210.0,4.0,36.0,6.0
Chipotle,Fajita Vegetables,20.0,1.0,5.0,0.0
Chipotle,Pinto Beans,130.0,8.0,21.0,1.5
Chipotle,Romaine Lettuce for Salad,10.0,1.0,2.0,0.0
Chipotle,Cheese,110.0,6.0,1.0,8.0
Chipotle,Fresh Tomato Salsa,25.0,0.0,4.0,0.0
Chipotle,Guacamole,230.0,2.0,8.0,22.0
Chipotle,Queso,120.0,6.0,4.0,8.0
Chipotle,Roasted Chili-Corn Salsa,80.0,3.0,16.0,1.5
Chipotle,Romaine Lettuce,5.0,0.0,1.0,0.0
Chipotle,Sour Cream,110.0,2.0,2.0,9.0
Chipotle,Tomatillo-Green Chili Salsa,15.0,0.0,4.0,0.0
Chipotle,Tomatillo-Red Chili Salsa,30.0,0.0,4.0,0.0
Chipotle,Chips,540.0,7.0,73.0,25.0
Chipotle,Chips & Fresh Tomato Salsa,570.0,7.0,74.0,25.0
Chipotle,Chips & Guacamole,770.0,9.0,81.0,47.0
Chipotle,Chips & Roasted Chili-Corn Salsa,620.0,10.0,89.0,27.0
Chipotle,Chips & Tomatillo-Green Chili Salsa,560.0,7.0,77.0,25.0
Chipotle,Chips & Tomatillo-Red Chili Salsa,570.0,7.0,77.0,25.0
Chipotle,Large Chips,810.0,11.0,110.0,38.0
Chipotle,Large Chips & Large Queso,1270.0,36.0,127.0,71.0
Chipotle,Large Side of Queso,460.0,25.0,17.0,33.0
Chipotle,Side of Guacamole,230.0,2.0,8.0,22.0
Chipotle,Side of Queso,230.0,13.0,9.0,16.0
Chipotle,"Kids Quesadilla, Barbacoa",20.0,3.0,0.0,1.0
Chipotle,"Kids Quesadilla, Black Beans",100.0,6.0,16.0,1.0
Chipotle,"Kids Quesadilla, Brown Rice",110.0,2.0,18.0,3.0
Chipotle,"Kids Quesadilla, Carnitas",25.0,3.0,0.0,2.0
Chipotle,"Kids Quesadilla, Cheese",110.0,6.0,1.0,8.0
Chipotle,"Kids Quesadilla, Chicken",25.0,4.0,0.0,1.0
Chipotle,"Kids Quesadilla, Flour Tortilla",80.0,2.0,13.0,2.5
Chipotle,"Kids Quesadilla, Guacamole",110.0,1.0,3.0,11.0
Chipotle,"Kids Quesadilla, Pinto Beans",100.0,6.0,15.0,1.0
Chipotle,"Kids Quesadilla, Sofritas",15.0,1.0,1.0,1.0
Chipotle,"Kids Quesadilla, Steak",20.0,3.0,0.0,1.0
Chipotle,"Kids Quesadilla, White Rice",100.0,2.0,20.0,2.0
Chipotle,"Kids Tacos, 2 Crispy Corn Tortillas",130.0,2.0,19.0,6.0
Chipotle,"Kids Tacos, 2 Soft Flour Tortillas",170.0,5.0,27.0,5.0
Chipotle,"Kids Tacos, Barbacoa",80.0,12.0,1.0,3.0
Chipotle,"Kids Tacos, Black Beans",100.0,6.0,16.0,1.0
Chipotle,"Kids Tacos, Brown Rice",110.0,2.0,18.0,3.0
Chipotle,"Kids Tacos, Carnitas",110.0,12.0,0.0,6.0
Chipotle,"Kids Tacos, Cheese",110.0,6.0,1.0,8.0
Chipotle,"Kids Tacos, Chicken",90.0,15.0,0.0,3.0
Chipotle,"Kids Tacos, Fajita Vegetables",5.0,0.0,1.0,0.0
Chipotle,"Kids Tacos, Fresh Tomato Salsa",15.0,0.0,1.0,0.0
Chipotle,"Kids Tacos, Guacamole",110.0,1.0,3.0,11.0
Chipotle,"Kids Tacos, Pinto Beans",100.0,6.0,15.0,1.0
Chipotle,"Kids Tacos, Queso",120.0,6.0,4.0,8.0
Chipotle,"Kids Tacos, Roasted Chili-Corn Salsa",40.0,1.0,9.0,1.0
Chipotle,"Kids Tacos, Romaine Lettuce",5.0,0.0,1.0,0.0
Chipotle,"Kids Tacos, Sofritas",70.0,4.0,5.0,5.0
Chipotle,"Kids Tacos, Sour Cream",60.0,1.0,1.0,5.0
Chipotle,"Kids Tacos, Steak",70.0,10.0,1.0,3.0
Chipotle,"Kids Tacos, Tomatillo-Green Chili Salsa",15.0,0.0,4.0,0.0
Chipotle,"Kids Tacos, Tomatillo-Red Chili Salsa",30.0,0.0,4.0,0.0
Chipotle,"Kids Tacos, White Rice",100.0,2.0,20.0,2.0
Chipotle,Organic Apple Juice,100.0,0.0,25.0,0.0
Chipotle,Organic Chocolate Milk,130.0,7.0,20.0,2.0
Chipotle,Organic Milk,90.0,7.0,10.0,2.0
Chipotle,Blueberries,20.0,0.0,0.0,0.0
Chipotle,Kids Chips,140.0,2.0,18.0,6.0
Chipotle,Mandarin Orange,35.0,1.0,9.0,0.0
Chick-fil-A,Chick-fil-A Chick-n-Minis,360.0,19.0,41.0,13.0
Chick-fil-A,Egg White Grill,290.0,26.0,30.0,8.0
Chick-fil-A,Hash Brown Scramble Burrito w/ Nuggets,700.0,34.0,51.0,40.0
Chick-fil-A,Hash Brown Scramble Burrito w/ Sausage,720.0,28.0,46.0,47.0
Chick-fil-A,Hash Brown Scramble Burrito w/ Grilled Filet,650.0,35.0,46.0,36.0
Chick-fil-A,Hash Brown Scramble Burrito w/ Nuggets - no hash browns,550.0,33.0,38.0,30.0
Chick-fil-A,Hash Brown Scramble Burrito w/ Sausage - no hash browns,560.0,26.0,32.0,36.0
Chick-fil-A,Hash Brown Scramble Burrito w/ Grilled Filet - no hash brown,500.0,34.0,34.0,25.0
Chick-fil-A,Hash Brown Scramble Bowl w/ Nuggets,470.0,29.0,19.0,30.0
Chick-fil-A,Hash Brown Scramble Bowl w/ Sausage,480.0,23.0,15.0,37.0
Chick-fil-A,Hash Brown Scramble Bowl w/ Grilled Filet,410.0,30.0,15.0,26.0
Chick-fil-A,Hash Brown Scramble Bowl w/ Nuggets - no hash browns,320.0,28.0,7.0,20.0
Chick-fil-A,Hash Brown Scramble Bowl w/ Sausage - no hash browns,320.0,21.0,1.0,26.0
Chick-fil-A,Hash Brown Scramble Bowl w/ Grilled Filet - no hash browns,260.0,28.0,1.0,16.0
Chick-fil-A,Chick-fil-A Chicken Biscuit,460.0,19.0,45.0,23.0
Chick-fil-A,"Bacon, Egg & Cheese Biscuit",420.0,15.0,38.0,23.0
Chick-fil-A,"Sausage, Egg & Cheese Biscuit",610.0,22.0,38.0,42.0
Chick-fil-A,"Bacon, Egg & Cheese Muffin",310.0,16.0,29.0,14.0
Chick-fil-A,"Sausage, Egg & Cheese Muffin",500.0,23.0,30.0,33.0
Chick-fil-A,Buttered Biscuit,290.0,4.0,37.0,15.0
Chick-fil-A,English Muffin,140.0,5.0,29.0,2.0
Chick-fil-A,Hash Browns,270.0,3.0,23.0,18.0
Chick-fil-A,Greek Yogurt Parfait,270.0,13.0,36.0,9.0
Chick-fil-A,Greek Yogurt Parfait w/ Cookie Crumbs,240.0,12.0,33.0,8.0
Chick-fil-A,Greek Yogurt Parfait w/ Granola,270.0,13.0,36.0,9.0
Chick-fil-A,Fruit Cup,60.0,1.0,15.0,0.0
Chick-fil-A,Small Fruit Cup,50.0,1.0,13.0,0.0
Chick-fil-A,Medium Fruit Cup,60.0,1.0,15.0,0.0
Chick-fil-A,Chick-fil-A Chicken Sandwich,440.0,29.0,41.0,17.0
Chick-fil-A,Spicy Chicken Sandwich,460.0,28.0,45.0,19.0
Chick-fil-A,Chick-fil-A Deluxe Sandwich w/ American,500.0,32.0,44.0,22.0
Chick-fil-A,Chick-fil-A Deluxe Sandwich w/ Colby Jack,530.0,35.0,44.0,24.0
Chick-fil-A,Chick-fil-A Deluxe Sandwich w/ Pepper Jack,520.0,34.0,44.0,24.0
Chick-fil-A,Chick-fil-A Deluxe Sandwich w/ No Cheese,450.0,30.0,43.0,17.0
Chick-fil-A,Spicy Deluxe Sandwich w/ Pepper Jack,550.0,33.0,47.0,25.0
Chick-fil-A,Spicy Deluxe Sandwich w/ American,520.0,31.0,47.0,23.0
Chick-fil-A,Spicy Deluxe Sandwich w/ Colby Jack,550.0,34.0,47.0,25.0
Chick-fil-A,Spicy Deluxe Sandwich w/ No Cheese,470.0,29.0,47.0,19.0
Chick-fil-A,Grilled Chicken Sandwich,320.0,28.0,41.0,6.0
Chick-fil-A,Grilled Chicken Club w/ Colby Jack,520.0,37.0,44.0,22.0
Chick-fil-A,Grilled Chicken Club w/ American,490.0,35.0,45.0,19.0
Chick-fil-A,Grilled Chicken Club w/ Pepper Jack,510.0,37.0,44.0,21.0
Chick-fil-A,Grilled Chicken Club w/ No Cheese,440.0,33.0,44.0,15.0
Chick-fil-A,5 ct Chick-fil-A Nuggets,160.0,17.0,7.0,7.0
Chick-fil-A,8 ct Chick-fil-A Nuggets,250.0,27.0,11.0,11.0
Chick-fil-A,12 ct Chick-fil-A Nuggets,380.0,40.0,16.0,17.0
Chick-fil-A,30 ct Chick-fil-A Nuggets,950.0,100.0,41.0,43.0
Chick-fil-A,5 ct Grilled Nuggets,80.0,16.0,1.0,2.0
Chick-fil-A,8 ct Grilled Nuggets,130.0,25.0,1.0,3.0
Chick-fil-A,12 ct Grilled Nuggets,200.0,38.0,2.0,4.5
Chick-fil-A,2 ct Chick-fil-A Chick-n-Strips,200.0,19.0,11.0,9.0
Chick-fil-A,3 ct Chick-fil-A Chick-n-Strips,310.0,29.0,16.0,14.0
Chick-fil-A,4 ct Chick-fil-A Chick-n-Strips,410.0,39.0,22.0,19.0
Chick-fil-A,Chick-fil-A Cool Wrap,350.0,42.0,29.0,13.0
Chick-fil-A,Lemon Kale Caesar Salad w/ Grilled Nuggets,470.0,43.0,22.0,24.0
Chick-fil-A,Lemon Kale Caesar Salad w/ Grilled Filet (Cold),400.0,31.0,22.0,22.0
Chick-fil-A,Lemon Kale Caesar Salad w/ Spicy Grilled Filet (Cold),400.0,29.0,22.0,23.0
Chick-fil-A,Lemon Kale Caesar Salad w/ Grilled Filet (Warm),400.0,30.0,22.0,22.0
Chick-fil-A,Lemon Kale Caesar Salad w/ Chick-fil-A Filet,550.0,34.0,33.0,32.0
Chick-fil-A,Lemon Kale Caesar Salad w/ Spicy Filet,570.0,33.0,36.0,34.0
Chick-fil-A,Lemon Kale Caesar Salad w/ Nuggets,550.0,36.0,31.0,32.0
Chick-fil-A,Lemon Kale Caesar Salad w/ Chick-n-Strips️,600.0,39.0,36.0,34.0
Chick-fil-A,Lemon Kale Caesar Salad w/ No Chicken,300.0,10.0,20.0,20.0
Chick-fil-A,Cobb Salad w/ Nuggets,850.0,42.0,34.0,61.0
Chick-fil-A,Cobb Salad w/ Spicy Grilled Filet (Cold),710.0,36.0,25.0,51.0
Chick-fil-A,Cobb Salad w/ Grilled Nuggets,730.0,41.0,24.0,52.0
Chick-fil-A,Cobb Salad w/ Chick-fil-A Chick-n-Strips,910.0,45.0,40.0,63.0
Chick-fil-A,Cobb Salad w/ Grilled Filet (Cold),700.0,37.0,25.0,51.0
Chick-fil-A,Cobb Salad w/ Chick-fil-A Filet,850.0,40.0,36.0,61.0
Chick-fil-A,Cobb Salad w/ Spicy Filet,870.0,39.0,40.0,62.0
Chick-fil-A,Cobb Salad w/ Grilled Filet (Warm),700.0,37.0,25.0,51.0
Chick-fil-A,Cobb Salad w/ No Chicken,600.0,16.0,23.0,49.0
Chick-fil-A,Spicy Southwest Salad w/ Spicy Grilled Filet (Cold),690.0,33.0,29.0,49.0
Chick-fil-A,Spicy Southwest Salad w/ Grilled Filet (Cold),690.0,35.0,29.0,49.0
Chick-fil-A,Spicy Southwest Salad w/ Nuggets,840.0,41.0,38.0,58.0
Chick-fil-A,Spicy Southwest Salad w/ Grilled Nuggets,720.0,39.0,29.0,50.0
Chick-fil-A,Spicy Southwest Salad w/ Chick-fil-A Chick-n-Strips,890.0,43.0,44.0,61.0
Chick-fil-A,Spicy Southwest Salad w/ Chick-fil-A Filet,840.0,38.0,40.0,59.0
Chick-fil-A,Spicy Southwest Salad w/ Spicy Filet,860.0,37.0,44.0,60.0
Chick-fil-A,Spicy Southwest Salad w/ Grilled Filet (Warm),690.0,35.0,29.0,49.0
Chick-fil-A,Spicy Southwest Salad w/ No Chicken,590.0,14.0,27.0,47.0
Chick-fil-A,Grilled Market Salad w/ Grilled Filet (Cold),540.0,28.0,41.0,31.0
Chick-fil-A,Grilled Market Salad w/ Spicy Grilled Filet (Cold),550.0,28.0,42.0,32.0
Chick-fil-A,Grilled Market Salad w/ Chick-fil-A Chick-n-Strips,740.0,36.0,56.0,43.0
Chick-fil-A,Grilled Market Salad w/ Nuggets,690.0,34.0,51.0,41.0
Chick-fil-A,Grilled Market Salad w/ Grilled Nuggets,570.0,32.0,41.0,32.0
Chick-fil-A,Grilled Market Salad w/ Chick-fil-A Filet,690.0,31.0,52.0,41.0
Chick-fil-A,Grilled Market Salad w/ Spicy Filet,710.0,30.0,56.0,42.0
Chick-fil-A,Grilled Market Salad w/ Grilled Filet (Warm),540.0,28.0,41.0,31.0
Chick-fil-A,Grilled Market Salad w/ No Chicken,440.0,7.0,40.0,29.0
Chick-fil-A,Small Chick-fil-A Waffle Potato Fries,320.0,4.0,35.0,19.0
Chick-fil-A,Medium Chick-fil-A Waffle Potato Fries,420.0,5.0,45.0,24.0
Chick-fil-A,Large Chick-fil-A Waffle Potato Fries,600.0,7.0,65.0,35.0
Chick-fil-A,Small Fruit Cup,50.0,1.0,13.0,0.0
Chick-fil-A,Medium Fruit Cup,60.0,1.0,15.0,0.0
Chick-fil-A,Side Salad,160.0,6.0,13.0,10.0
Chick-fil-A,Small Mac & Cheese,270.0,12.0,17.0,17.0
Chick-fil-A,Medium Mac & Cheese,450.0,20.0,28.0,29.0
Chick-fil-A,Cup of Chicken Noodle Soup,145.0,9.0,21.0,3.5
Chick-fil-A,Bowl of Chicken Noodle Soup,255.0,16.0,34.0,5.5
Chick-fil-A,Kale Crunch Side,120.0,3.0,8.0,9.0
Chick-fil-A,Greek Yogurt Parfait w/ Granola,270.0,13.0,36.0,9.0
Chick-fil-A,Greek Yogurt Parfait w/ Cookie Crumbs,240.0,12.0,33.0,8.0
Chick-fil-A,Waffle Potato Chips,220.0,3.0,25.0,13.0
Chick-fil-A,Buddy Fruits Apple Sauce,45.0,0.0,12.0,0.0
Chick-fil-A,Nuggets Kid's Meal,160.0,17.0,7.0,7.0
Chick-fil-A,Chick-fil-A Chick-n-Strips Kid's Meal,200.0,19.0,11.0,9.0
Chick-fil-A,Grilled Nuggets Kid's Meal,80.0,16.0,1.0,2.0
Chick-fil-A,Frosted Lemonade,330.0,6.0,65.0,6.0
Chick-fil-A,Frosted Lemonade w/ Diet Lemonade,250.0,6.0,46.0,6.0
Chick-fil-A,Frosted Coffee,250.0,6.0,43.0,6.0
Chick-fil-A,Chocolate Chunk Cookie,370.0,5.0,49.0,17.0
Chick-fil-A,6 pack Chocolate Chunk Cookie,370.0,5.0,49.0,17.0
Chick-fil-A,Chocolate Fudge Brownie,380.0,4.0,48.0,21.0
Chick-fil-A,Peach Milkshake,600.0,11.0,100.0,18.0
Chick-fil-A,Cookies & Cream Milkshake,630.0,13.0,90.0,25.0
Chick-fil-A,Chocolate Milkshake,590.0,12.0,90.0,22.0
Chick-fil-A,Strawberry Milkshake,570.0,11.0,93.0,19.0
Chick-fil-A,Vanilla Milkshake,580.0,13.0,82.0,23.0
Chick-fil-A,Icedream Cone,180.0,4.0,32.0,4.0
Chick-fil-A,Small Freshly-Brewed Iced Tea Sweetened,70.0,0.0,19.0,0.0
Chick-fil-A,Medium Freshly-Brewed Iced Tea Sweetened,120.0,0.0,31.0,0.0
Chick-fil-A,Large Freshly-Brewed Iced Tea Sweetened,170.0,0.0,43.0,0.0
Chick-fil-A,Small Freshly-Brewed Iced Tea Unsweetened,0.0,0.0,0.0,0.0
Chick-fil-A,Medium Freshly-Brewed Iced Tea Unsweetened,0.0,0.0,0.0,0.0
Chick-fil-A,Large Freshly-Brewed Iced Tea Unsweetened,0.0,0.0,0.0,0.0
Chick-fil-A,Small Chick-fil-A Lemonade,130.0,0.0,33.0,0.0
Chick-fil-A,Medium Chick-fil-A Lemonade,220.0,0.0,58.0,0.0
Chick-fil-A,Large Chick-fil-A Lemonade,300.0,0.0,78.0,0.0
Chick-fil-A,Small Chick-fil-A Diet Lemonade,30.0,0.0,8.0,0.0
Chick-fil-A,Medium Chick-fil-A Diet Lemonade,50.0,0.0,14.0,0.0
Chick-fil-A,Large Chick-fil-A Diet Lemonade,80.0,0.0,21.0,0.0
Chick-fil-A,"Sunjoy (1/2 Sweet Tea, 1/2 Lemonade)",1.0,1.0,1.0,1.0
Chick-fil-A,"Small Sunjoy (1/2 Sweet Tea, 1/2 Lemonade)",120.0,0.0,33.0,0.0
Chick-fil-A,"Medium Sunjoy (1/2 Sweet Tea, 1/2 Lemonade)",160.0,0.0,44.0,0.0
Chick-fil-A,"Large Sunjoy (1/2 Sweet Tea, 1/2 Lemonade)",260.0,0.0,70.0,0.0
Chick-fil-A,"Sunjoy (1/2 Sweet Tea, 1/2 Diet Lemonade)",1.0,1.0,1.0,1.0
Chick-fil-A,"Small Sunjoy (1/2 Sweet Tea, 1/2 Diet Lemonade)",70.0,0.0,19.0,0.0
Chick-fil-A,"Medium Sunjoy (1/2 Sweet Tea, 1/2 Diet Lemonade)",90.0,0.0,25.0,0.0
Chick-fil-A,"Large Sunjoy (1/2 Sweet Tea, 1/2 Diet Lemonade)",140.0,0.0,37.0,0.0
Chick-fil-A,"Sunjoy (1/2 Unsweet Tea, 1/2 Lemonade)",1.0,1.0,1.0,1.0
Chick-fil-A,"Small Sunjoy (1/2 Unsweet Tea, 1/2 Lemonade)",60.0,0.0,17.0,0.0
Chick-fil-A,"Medium Sunjoy (1/2 Unsweet Tea, 1/2 Lemonade)",90.0,0.0,25.0,0.0
Chick-fil-A,"Large Sunjoy (1/2 Unsweet Tea, 1/2 Lemonade)",140.0,0.0,39.0,0.0
Chick-fil-A,"Sunjoy (1/2 Unsweet Tea, 1/2 Diet Lemonade)",1.0,1.0,1.0,1.0
Chick-fil-A,"Small Sunjoy (1/2 Unsweet Tea, 1/2 Diet Lemonade)",15.0,0.0,4.0,0.0
Chick-fil-A,"Medium Sunjoy (1/2 Unsweet Tea, 1/2 Diet Lemonade)",20.0,0.0,6.0,0.0
Chick-fil-A,"Large Sunjoy (1/2 Unsweet Tea, 1/2 Diet Lemonade)",35.0,0.0,9.0,0.0
Chick-fil-A,Iced Coffee,150.0,5.0,30.0,2.5
Chick-fil-A,Iced Coffee - Vanilla,140.0,5.0,30.0,2.5
Chick-fil-A,Small Coca-Cola,100.0,0.0,26.0,0.0
Chick-fil-A,Medium Coca-Cola,140.0,0.0,39.0,0.0
Chick-fil-A,Large Coca-Cola,220.0,0.0,62.0,0.0
Chick-fil-A,Small Dr Pepper,140.0,0.0,36.0,0.0
Chick-fil-A,Medium Dr Pepper,180.0,0.0,48.0,0.0
Chick-fil-A,Large Dr Pepper,270.0,0.0,71.0,0.0
Chick-fil-A,DASANI Bottled Water,0.0,0.0,0.0,0.0
Chick-fil-A,Honest Kids Apple Juice,35.0,0.0,9.0,0.0
Chick-fil-A,Simply Orange,160.0,2.0,34.0,0.0
Chick-fil-A,1% Chocolate Milk,140.0,7.0,23.0,2.0
Chick-fil-A,1% White Milk,1.0,1.0,1.0,1.0
Chick-fil-A,1% White Milk,90.0,7.0,10.0,2.0
Chick-fil-A,Coffee,0.0,0.0,0.0,0.0
Chick-fil-A,Gallon Chick-fil-A Lemonade,2090.0,2.0,549.0,1.5
Chick-fil-A,Gallon Chick-fil-A Diet Lemonade,460.0,3.0,126.0,2.0
Chick-fil-A,Gallon Freshly-Brewed Iced Tea Sweetened,1540.0,0.0,398.0,0.0
Chick-fil-A,Gallon Freshly-Brewed Iced Tea Unsweetened,0.0,0.0,0.0,0.0
Chick-fil-A,"Gallon Sunjoy (1/2 Sweet Tea, 1/2 Lemonade)",1730.0,0.0,470.0,0.0
Chick-fil-A,"Gallon Sunjoy (1/2 Sweet Tea, 1/2 Diet Lemonade)",1010.0,1.0,265.0,1.0
Chick-fil-A,"Gallon Sunjoy (1/2 Unsweet Tea, 1/2 Lemonade)",1040.0,0.0,291.0,0.0
Chick-fil-A,"Gallon Sunjoy (1/2 Unsweet Tea, 1/2 Diet Lemonade)",260.0,1.0,71.0,1.0
Chick-fil-A,5 lb Bag of Ice,5.0,5.0,5.0,5.0
Chick-fil-A,5 lb Bag of Ice,0.0,0.0,0.0,0.0
Chick-fil-A,Grilled Chicken Bundle,520.0,38.0,44.0,22.0
Chick-fil-A,Small Hot Chick-fil-A Nuggets Tray (per nugget),30.0,3.0,1.0,1.5
Chick-fil-A,Medium Hot Chick-fil-A Nuggets Tray (per nugget),30.0,3.0,1.0,1.5
Chick-fil-A,Large Hot Chick-fil-A Nuggets Tray (per nugget),30.0,3.0,1.0,1.5
Chick-fil-A,Small Chilled Chick-fil-A Nuggets Tray (per nugget),30.0,3.0,1.0,1.5
Chick-fil-A,Medium Chilled Chick-fil-A Nuggets Tray (per nugget),30.0,3.0,1.0,1.5
Chick-fil-A,Large Chilled Chick-fil-A Nuggets Tray (per nugget),30.0,3.0,1.0,1.5
Chick-fil-A,Small Hot Chick-n-Strips️ Tray (per chick-n-strip),110.0,10.0,6.0,5.0
Chick-fil-A,Medium Hot Chick-n-Strips️ Tray (per chick-n-strip),110.0,10.0,6.0,5.0
Chick-fil-A,Large Hot Chick-n-Strips️ Tray (per chick-n-strip),110.0,10.0,6.0,5.0
Chick-fil-A,Small Chilled Chick-n-Strips️ (Cooked & Chilled for Later) Tray (per chick-n-strip),110.0,10.0,6.0,5.0
Chick-fil-A,Medium Chilled Chick-n-Strips️ (Cooked & Chilled for Later) Tray (per chick-n-strip),110.0,10.0,6.0,5.0
Chick-fil-A,Large Chilled Chick-n-Strips️ (Cooked & Chilled for Later) Tray (per chick-n-strip),110.0,10.0,6.0,5.0
Chick-fil-A,Small Chilled Grilled Chicken Sub Sandwich Tray (per half sandwich),220.0,18.0,24.0,6.0
Chick-fil-A,Medium Chilled Grilled Chicken Sub Sandwich Tray (per half sandwich),220.0,18.0,24.0,6.0
Chick-fil-A,Large Chilled Grilled Chicken Sub Sandwich Tray (per half sandwich),220.0,18.0,24.0,6.0
Chick-fil-A,Small Spicy Chilled Grilled Chicken Sub Sandwich Tray (per half sandwich),210.0,16.0,24.0,6.0
Chick-fil-A,Medium Spicy Chilled Grilled Chicken Sub Sandwich Tray (per half sandwich),210.0,16.0,24.0,6.0
Chick-fil-A,Large Spicy Chilled Grilled Chicken Sub Sandwich Tray (per half sandwich),210.0,16.0,24.0,6.0
Chick-fil-A,Small Chick-fil-A Cool Wrap Tray (per half wrap),490.0,23.0,18.0,39.0
Chick-fil-A,Medium Chick-fil-A Cool Wrap Tray (per half wrap),490.0,23.0,18.0,39.0
Chick-fil-A,Large Chick-fil-A Cool Wrap Tray (per half wrap),490.0,23.0,18.0,39.0
Chick-fil-A,Small Fruit Tray (per tray),780.0,9.0,181.0,2.5
Chick-fil-A,Large Fruit Tray (per tray),1580.0,18.0,366.0,5.0
Chick-fil-A,Small Mac & Cheese Tray (per tray),4920.0,221.0,308.0,312.0
Chick-fil-A,Large Mac & Cheese Tray (per tray),9850.0,442.0,616.0,624.0
Chick-fil-A,Small Garden Salad Tray (per tray),350.0,20.0,27.0,19.0
Chick-fil-A,Large Garden Salad Tray (per tray),690.0,41.0,54.0,37.0
Chick-fil-A,Small Kale Crunch Side Tray (per tray),570.0,11.0,56.0,37.0
Chick-fil-A,Large Kale Crunch Side Tray (per tray),1260.0,24.0,125.0,81.0
Chick-fil-A,Small Chocolate Chunk Cookie Tray (per cookie),370.0,5.0,49.0,17.0
Chick-fil-A,Large Chocolate Chunk Cookie Tray (per cookie),370.0,5.0,49.0,17.0
Chick-fil-A,Small Chocolate Fudge Brownie Tray (per brownie half),190.0,2.0,24.0,10.0
Chick-fil-A,Large Chocolate Fudge Brownie Tray (per brownie half),190.0,2.0,24.0,10.0
Chick-fil-A,Small Chocolate Chunk Cookie and Chocolate Fudge Brownie Tray (per cookie/ per brownie half),560.0,7.0,73.0,28.0
Chick-fil-A,Large Chocolate Chunk Cookie and Chocolate Fudge Brownie Tray (per cookie/ per brownie half),560.0,7.0,73.0,28.0
Chick-fil-A,Chick-fil-A Chicken Sandwich,440.0,29.0,41.0,17.0
Chick-fil-A,Spicy Chicken Sandwich,460.0,28.0,45.0,19.0
Chick-fil-A,5 ct Chick-fil-A Nuggets,715.0,18.0,64.0,43.5
Chick-fil-A,8 ct Chick-fil-A Nuggets,250.0,27.0,11.0,11.0
Chick-fil-A,12 ct Chick-fil-A Nuggets,380.0,40.0,16.0,17.0
Chick-fil-A,Chilled Grilled Chicken Sub Sandwich,440.0,35.0,47.0,12.0
Chick-fil-A,Spicy Chilled Grilled Chicken Sub Sandwich,430.0,32.0,48.0,12.0
Chick-fil-A,Gallon Freshly-Brewed Iced Tea Sweetened,1540.0,0.0,398.0,0.0
Chick-fil-A,Gallon Freshly-Brewed Iced Tea Unsweetened,0.0,0.0,0.0,0.0
Chick-fil-A,Gallon Chick-fil-A Lemonade,2090.0,2.0,549.0,1.5
Chick-fil-A,Gallon Chick-fil-A Diet Lemonade,460.0,3.0,126.0,2.0
Chick-fil-A,"Gallon Sunjoy (1/2 Sweet Tea, 1/2 Lemonade)",1730.0,0.0,470.0,0.0
Chick-fil-A,"Gallon Sunjoy (1/2 Sweet Tea, 1/2 Diet Lemonade)",1010.0,1.0,265.0,1.0
Chick-fil-A,"Gallon Sunjoy (1/2 Unsweet Tea, 1/2 Lemonade)",1040.0,0.0,291.0,0.0
Chick-fil-A,"Gallon Sunjoy (1/2 Unsweet Tea, 1/2 Diet Lemonade)",260.0,1.0,71.0,1.0
Chick-fil-A,DASANI Bottled Water,0.0,0.0,0.0,0.0
Chick-fil-A,Simply Orange,160.0,2.0,34.0,0.0
Chick-fil-A,Honest Kids Apple Juice,35.0,0.0,9.0,0.0
Chick-fil-A,1% White Milk,90.0,7.0,10.0,2.0
Chick-fil-A,1% Chocolate Milk,140.0,7.0,23.0,2.0
Chick-fil-A,5 lb Bag of Ice,0.0,0.0,0.0,0.0
Chick-fil-A,Catering Coffee,0.0,0.0,0.0,0.0
Chick-fil-A,8oz Chick-fil-A Sauce,1140.0,2.0,50.0,103.0
Chick-fil-A,8oz Polynesian Sauce,860.0,1.0,107.0,48.0
Chick-fil-A,8oz Garden Herb Ranch Sauce,1100.0,4.0,8.0,117.0
Chick-fil-A,8oz Honey Mustard Sauce,380.0,2.0,88.0,3.0
Chick-fil-A,8oz Barbeque Sauce,360.0,2.0,88.0,0.0
Chick-fil-A,Barbecue Sauce,45.0,0.0,11.0,0.0
Chick-fil-A,Chick-fil-A Sauce,140.0,0.0,7.0,13.0
Chick-fil-A,Garden Herb Ranch Sauce,140.0,1.0,1.0,15.0
Chick-fil-A,Honey Mustard Sauce,50.0,0.0,12.0,0.0
Chick-fil-A,Honey Roasted BBQ Sauce,60.0,0.0,3.0,5.0
Chick-fil-A,Polynesian Sauce,110.0,0.0,14.0,6.0
Chick-fil-A,Sweet and Spicy Sriracha Sauce,45.0,0.0,11.0,0.0
Chick-fil-A,Zesty Buffalo Sauce,25.0,0.0,1.0,2.5
Chick-fil-A,Cilantro Lime Sauce,70.0,0.0,0.0,7.0
Chick-fil-A,Creamy Salsa Dressing,290.0,1.0,2.0,31.0
Chick-fil-A,Fat Free Honey Mustard Dressing,90.0,0.0,23.0,0.0
Chick-fil-A,Garden Herb Ranch Dressing,280.0,1.0,2.0,29.0
Chick-fil-A,Light Balsamic Vinaigrette Dressing,80.0,0.0,10.0,4.0
Chick-fil-A,Light Italian Dressing,25.0,0.0,3.0,1.0
Chick-fil-A,Zesty Apple Cider Vinaigrette Dressing,230.0,0.0,16.0,19.0
Chick-fil-A,Lemon Caesar Vinaigrette Dressing,140.0,0.0,6.0,13.0
Chick-fil-A,Grilled Breakfast Filet,60.0,13.0,0.0,1.0
Chick-fil-A,Bacon,50.0,4.0,0.0,3.5
Chick-fil-A,Chick-fil-A Breakfast Filet,160.0,15.0,8.0,8.0
Chick-fil-A,Sausage,240.0,11.0,1.0,22.0
Chick-fil-A,Grilled Filet,110.0,21.0,1.0,2.0
Chick-fil-A,Spicy Filet,280.0,23.0,16.0,13.0
Chick-fil-A,Chick-fil-A Filet,250.0,24.0,12.0,12.0
Chick-fil-A,Bacon,50.0,4.0,0.0,3.5
Chick-fil-A,Lettuce,5.0,0.0,1.0,0.0
Chick-fil-A,Pickles,0.0,0.0,0.0,0.0
Chick-fil-A,Tomato,5.0,0.0,1.0,0.0
Chick-fil-A,American Cheese,50.0,3.0,1.0,4.5
Chick-fil-A,Colby Jack Cheese,80.0,5.0,0.0,7.0
Chick-fil-A,Pepper Jack Cheese,80.0,4.0,0.0,6.0
Chick-fil-A,Chili Lime Pepitas,80.0,4.0,2.0,7.0
Chick-fil-A,Crispy Bell Peppers,80.0,1.0,6.0,6.0
Chick-fil-A,Harvest Nut Granola,70.0,1.0,10.0,2.0
Chick-fil-A,Seasoned Tortilla Strips,70.0,1.0,8.0,4.0
Chick-fil-A,Lemon Parmesan Panko,70.0,3.0,7.0,2.5
Chick-fil-A,Saltines,25.0,0.0,5.0,0.5
